model,train_years,test_years,train_samples,test_samples,train_positive,test_positive,train_positive_ratio,test_positive_ratio,brier_score,ece,f1_at_05,recall_at_05,precision_at_05,roc_auc,average_precision,log_loss
Random Forest,2000-2020,2021-2025,5208,1288,127,33,0.024385560675883256,0.02562111801242236,0.006652635722214039,0.009179376791604256,0.8378378378378378,0.9393939393939394,0.7560975609756098,0.9978751660026561,0.9267095686944593,0.024292780426620402
XGBoost,2000-2020,2021-2025,5208,1288,127,33,0.024385560675883256,0.02562111801242236,0.006803075401881794,0.004775043694427487,0.8115942028985508,0.8484848484848485,0.7777777777777778,0.9975733429916697,0.9112573202620459,0.020345531607337472
Gradient Boosting,2000-2020,2021-2025,5208,1288,127,33,0.024385560675883256,0.02562111801242236,0.006919614781496162,0.005515259300938158,0.8169014084507042,0.8787878787878788,0.7631578947368421,0.9973560304237595,0.9016754137643228,0.02130436176783678
LightGBM,2000-2020,2021-2025,5208,1288,127,33,0.024385560675883256,0.02562111801242236,0.010024603074992052,0.01022465173860587,0.8108108108108109,0.9090909090909091,0.7317073170731707,0.9969214052879392,0.889129961787419,0.04377946791652962
Logistic Regression,2000-2020,2021-2025,5208,1288,127,33,0.024385560675883256,0.02562111801242236,0.03598244257570323,0.05610019169470516,0.5,1.0,0.3333333333333333,0.9954847277556441,0.8778202601641519,0.10705587571678023
SVM,2000-2020,2021-2025,5208,1288,127,33,0.024385560675883256,0.02562111801242236,0.012352852473765975,0.00721078184934966,0.6545454545454545,0.5454545454545454,0.8181818181818182,0.9874200169020886,0.7497212935896108,0.04153532697531218
MLP,2000-2020,2021-2025,5208,1288,127,33,0.024385560675883256,0.02562111801242236,0.03622257988725412,0.10180196698972019,0.0,0.0,0.0,0.7516841724013039,0.07446324336454356,0.1785632810165875
