unmet_penalty_per_unit,unique_nondominated_designs,min_cost,max_cost,min_cvar,max_cvar,min_expected_unmet,max_expected_unmet
75.0,8,38712.7982517999,42232.83003395235,0.0,232.5859085630084,0.0,23.25859085630084
150.0,6,40345.99754505909,42232.83003395235,0.0,137.07620860976942,0.0,13.70762086097694
300.0,3,41210.26793996333,42232.83003395235,0.0,41.08318985564544,0.0,4.108318985564543
